Node ID,Total de Alarmes,Total de Correlações,Total de Incidentes,Média de Alarmes por Incidente,Densidade
a5126d4f-0bd1-4023-ae9d-d2c1e903e0ae,232712,8584164,4090,56.89779951100245,0.00031702412373902137
7510d37a-4c5f-40da-b987-3977c2791c21,32148,119403,4073,7.892953596857353,0.0002310738627854943
8bf0d4d2-1cd3-4341-9b79-794833028b3d,31766,116570,4065,7.814514145141452,0.00023104969571337804
e4efe34f-1d6d-4fd2-ad89-6e6b8e239d81,32023,119030,4054,7.899111988159842,0.0002321538876288548
75577cb5-6565-42da-a042-d9603e854ad0,27157,83723,4041,6.720366245978719,0.00022705296896835726
d90ba2a5-2d05-419e-b07d-e04aabe6ba14,33049,131952,4041,8.178421182875526,0.00024162533425368943
3d8d5c49-6741-49bc-84da-786deb9bb25f,26694,79522,4035,6.615613382899628,0.00022320619660281472
0735063a-6a73-4b88-9c87-36c374be58e2,31992,118391,4031,7.936492185561895,0.00023135531311792345
1fe540d0-3229-475c-9adc-ee37bab1a4e2,31558,115909,4027,7.836602930221008,0.0002327780217205116
b8d9be31-b868-4425-88b4-948d4c87fbd1,26967,81888,4025,6.699875776397516,0.00022521696130255932
959d6939-6e86-4031-afff-059842f6cf8d,26676,79660,4012,6.649052841475573,0.000223895394812378
15c46c64-33e5-485a-9283-fdbc20ca7524,31899,118504,3999,7.976744186046512,0.0002329284212852273
61c59649-570a-4fd5-9aa6-ed531af05b93,28445,93562,3997,7.116587440580435,0.00023127723385091674
d76c8907-3410-463c-b838-bcb8293d9b5c,27414,85035,3991,6.868955149085442,0.00022630739065007723
db171d93-ca40-4cdb-9cee-d251af937b90,26870,81304,3986,6.741093828399398,0.00022522818571845703
12c83b56-fcf7-4497-bfcc-6f3601e1db02,27040,82655,3977,6.799094795071662,0.00022610065102106512
ac103959-f0ae-401e-82a8-fe7e4ee29335,29175,100268,3977,7.335931606738748,0.00023560554352577322
50e91219-3c5e-420d-9c21-0c80cde21cc9,23417,60604,3967,5.902949331988909,0.00022104837154346023
5975a69d-7367-436d-a04e-05cf51ed53f3,23141,59057,3967,5.833375346609529,0.00022057480321401209
3859271b-d553-45d3-91d5-aa5fe1aee85a,31421,130479,3965,7.924590163934426,0.00026432876802908513
1eea20bb-7373-4a9a-a3c7-96bb30bbcedf,26958,82442,3949,6.826538364142821,0.0002268920541801008
197f2efe-229e-4aa3-aa6d-97c3b7084146,23249,59939,3945,5.893282636248416,0.00022179390853330075
70a8f814-160d-440e-955c-8bfae05b2dae,32025,120793,3920,8.169642857142858,0.00023556298428013494
5e5c5b43-8af4-4967-a3ec-48aa38a621d5,24240,67090,3910,6.1994884910485935,0.00022837074746708962
25afe2fd-b071-4082-add3-3991852a7839,31689,115312,3853,8.224500389307034,0.00022966834267673514
c9b87752-b370-46e6-951a-d8e09a421252,18140,39369,3802,4.771173066806944,0.000239295072420357
723017bd-955d-4f48-af1e-9aeb0d0441ce,16094,26670,3785,4.252047556142668,0.00020594535594033162
e8465494-54e6-4826-807a-5e8fdd2d82a7,18594,41936,3782,4.9164463246959285,0.00024260218238643017
6d0e3ec2-8787-4874-8b49-48417facd82c,30688,107169,3769,8.142212788538075,0.00022760204252747637
9f1e52c2-f579-4c91-9acc-9ea8d8091bf9,17134,34974,3751,4.567848573713676,0.0002382775488692271
e159a16c-8803-48af-b648-7630288e92e7,15904,26604,3726,4.268384326355341,0.0002103737307831141
bab00c3b-21c1-46fb-8f2e-378b2c30998d,20923,47877,3723,5.619930163846361,0.00021874078799946837
8663abe8-751f-4336-800d-b7215ce0a691,27634,86354,3714,7.440495422724825,0.00022617295107752616
0f1a2e42-97f7-4448-ae4f-02784bb5bff6,16442,29268,3683,4.464295411349443,0.00021654101534164386
5f02aac4-d3c4-4c23-875a-edd2bfd675f3,32042,118199,3677,8.714169159641012,0.00023025979830890514
5d0fbc9c-9e5c-48f4-8cef-1e34aef5f681,41585,406124,3667,11.340332697027543,0.00046970554013453904
ed2c2f12-d988-4716-a26b-c729d903139e,15253,23902,3662,4.165210267613326,0.00020548596812476077
9c4ee9d9-ad76-4180-8b73-91b51c830242,18665,39336,3662,5.096941561987984,0.00022583303489033123
7f95ca76-13e0-4f67-acf5-01a8aa70ce56,42185,453084,3657,11.535411539513262,0.0005092170186494647
1b0f2202-43e0-4ce1-a961-e9f52886cb52,14852,22456,3654,4.064586754241927,0.0002036206205449035
52d27ca6-8fdc-47df-b3f2-1fcdb83e2bdc,30126,103839,3650,8.253698630136986,0.00022883474469468894
089bec52-f536-4da8-a362-c9243a3f95a5,15170,23601,3639,4.168727672437483,0.00020512465727273206
ccf579a8-f1d1-4c43-818b-adfa447ad11d,29270,97178,3633,8.056702449766034,0.00022686491943544118
c873c24b-da77-47c3-864a-4d42ffe1e252,36708,157802,3626,10.123552123552123,0.00023422480390296343
2333a56a-f7dd-4c5e-85e1-e0339b692190,31798,117909,3613,8.800996401882092,0.00023323353776858507
6acab3dd-7e9e-48c2-89df-056c3bb58350,29610,99103,3598,8.229571984435797,0.00022607609849269408
f7b8a478-cc71-48ae-b01e-9a1a58b46d82,16571,30598,3592,4.6133073496659245,0.00022287010117616457
76ff9fdc-58a1-4701-be58-d132e7f1dbbb,31463,113130,3579,8.791003073484214,0.00022857110391739252
aba55d63-07b4-4d64-b2a4-5507cd2b2cb6,31493,112671,3564,8.83641975308642,0.0002272102233376211
e7148e33-9af1-40a4-aa15-4147d50698e6,12810,19934,3524,3.635073779795687,0.00024297416269505566
4fcce37b-843d-49f8-bc74-cd3ce53eb90f,12471,15075,3514,3.5489470688673874,0.00019387400581699182
4c6e1315-447d-40e9-8caa-62b55280cd79,36528,154798,3473,10.517708033400519,0.0002320360384564111
45d81c7d-427b-4579-9d89-f1000962addd,32118,119566,3461,9.279976885293268,0.00023182177705574877
60874824-7c9c-4dd8-9a0c-f4971ad88885,28804,93339,3460,8.32485549132948,0.00022501041088088527
65e7d6c7-6988-4167-afbe-c3e5853832c9,20282,49715,3431,5.91139609443311,0.00024172262173809326
95c3fe02-5e08-46a2-af00-9104124c37ea,30761,214136,3383,9.09281702630801,0.00045261912503077016
6f0567bf-1867-4e1f-9b48-fb71ce48500a,19229,41465,3363,5.71781147784716,0.0002242956508021205
c00c4b01-8531-4bd9-b1e9-404ca1f714ba,20536,47599,3322,6.181818181818182,0.00022574454343582257
53317ccd-c338-45c8-b1ea-365f2d775f10,28639,93574,3284,8.72076735688185,0.00022818372003943475
5edff124-3378-4c3d-834c-e066742918e1,18036,37769,3259,5.534212948757287,0.00023222507331085296
674f545f-0bf7-4ca7-a013-40b38ca4e2d2,17833,35895,3230,5.521052631578947,0.00022575609707500854
b155aa81-0401-4cb0-a5e9-212eced42ff1,33564,131521,3225,10.407441860465116,0.00023350200422627603
76c0a31e-8cf8-4020-a6f9-bc3d7f2e5fe9,10943,12745,2988,3.6623159303882193,0.00021288091381550027
28c55435-baff-4834-90b9-9fb6b2e26037,11133,13513,2961,3.7598784194528876,0.00021807022200042418
376ad5ef-3181-4619-8f58-23e0cffed0f9,33441,128563,2797,11.956024311762603,0.0002299325570750972
32860b53-4d54-4e1b-b44d-0404081b27cd,8408,8164,2601,3.2326028450595925,0.00023099322446282759
b13e0e50-7139-47e0-8a6f-4045e93d5027,8331,6525,2299,3.6237494562853416,0.00018804785147764544
6c83f008-0424-4f8f-982c-a9e4570d41fa,6758,6314,1998,3.3823823823823824,0.00027654287073661796
e48f49f7-d3ba-4ea1-9254-e8b1b178712b,39828,381792,1815,21.943801652892564,0.000481382975645049
b746f141-a5bd-4f32-bd46-b5fe2d016000,6653,3472,1806,3.683831672203765,0.0001569061434630108
cfe03d8a-9e0d-478a-a144-f8c441a81837,17005,43323,1675,10.15223880597015,0.0002996544874405946
2206870f-89da-426a-979c-752823c47906,23039,86029,1600,14.399375,0.00032416526070015814
a46f1292-4a20-48e3-a224-63d2ef0a5616,5550,5514,1400,3.9642857142857144,0.0003580874080063123
e4468350-cdcb-4550-9d61-1ea4e69dc67e,5358,3613,1240,4.320967741935484,0.00025175238964441314
f62cce74-58ec-4415-af0d-98820bfe7754,3945,2890,900,4.383333333333334,0.00037148726017219525
729311a1-3ab8-47b9-bb9c-7a09ce8acf5d,3473,1693,891,3.897867564534231,0.0002808034594720829
3276e24e-5259-4d2c-bb62-ca9322277b21,8171,20933,859,9.512223515715949,0.0006271395673896413
b1424cae-161c-4e2e-b435-9c5643431284,3887,1121,859,4.525029103608848,0.0001484288324794593
06593f8b-9bef-4bb9-aa4e-5715ca8887d9,4820,1018,835,5.772455089820359,0.00008765441772238003
91a88652-ae86-4e8d-90b3-366e175afaa5,2440,1286,834,2.9256594724220624,0.0004321846497153496
8834a38f-674f-452c-8d43-4d9d8c24bb08,4373,7660,697,6.274031563845051,0.000801307365395531
684ac7cd-0a97-4aeb-a80d-1438c16f34e2,1885,1723,679,2.776141384388807,0.0009703379569401973
cf9c3483-67ab-4d29-b694-b17babebb5fa,2481,2502,630,3.9380952380952383,0.0008132776845964817
537048f3-b019-4925-a68b-9e29630d9d16,2212,950,628,3.522292993630573,0.00038848990294295413
f3ba8721-2bb0-46b3-b4dd-c9255bb7a3ad,2755,2193,604,4.561258278145695,0.0005780735363312496
c568879b-38d8-4ecd-b36b-ee500fd75f4d,2849,1537,591,4.820642978003384,0.0003788536091906878
cf4b9a18-37eb-43d6-896b-bb54c684b3fd,1675,742,573,2.9232111692844676,0.0005292533747035432
bb7a05e5-f7bb-4157-a273-7365f1c57e2a,2564,1468,565,4.5380530973451325,0.00044677557683657325
f7fbe331-ba8a-4159-ae51-c66e057b5611,1369,568,564,2.4273049645390072,0.0006065809764245042
be92cdf5-2315-428e-be11-2afca41bf51d,1874,732,556,3.370503597122302,0.0004170937794337439
c754aaed-c0ef-4d61-8c05-d12c02385779,2117,647,536,3.949626865671642,0.00028886688281826926
751c2cd6-d4b8-4a89-8a5a-866df61cca2f,2512,728,524,4.793893129770993,0.00023083147526678792
8771dffb-036d-4e54-b0c9-5f2fcfc9ea60,1535,816,499,3.0761523046092183,0.0006930848646743308
205a7035-2d3a-4862-b7b4-b32b4a751751,2288,555,469,4.878464818763327,0.00021212936604278975
1718a2dc-c6b3-4d5d-827d-210e7bd1c8cc,2366,1218,445,5.316853932584269,0.00043534283248057847
59de9217-636a-4340-83c5-a6f216f34238,24077,64421,413,58.29782082324455,0.00022226483132910865
ca9907bf-3b44-4590-9a72-703b7feb8f06,1878,860,400,4.695,0.00048794243187103795
0c3259e7-b170-4a80-84c2-af5a78011310,1782,775,362,4.922651933701657,0.0004883824835163035
137f21c6-79a5-4240-a790-460f2ef86c96,1542,387,350,4.405714285714286,0.0003257271416559564
16878a52-464f-4c16-ad3f-70bbd079f834,1752,806,344,5.093023255813954,0.0005254662045693394
53b7dc4c-e4ea-4b4e-a3fa-36f6b9ca812b,1207,1269,339,3.56047197640118,0.0017435605732728239
0b4df694-75ae-4a8e-9f15-c1f804c91b67,1086,340,323,3.362229102167183,0.000577097707733958
118daeda-93c7-40d4-9a3e-81863c049ccd,22344,57956,318,70.26415094339623,0.0002321806331674353
149cd467-d736-410a-b784-d9aaf8d3adcf,736,360,301,2.4451827242524917,0.0013309671694764862
4c98ad29-ce57-42a7-9fdb-f46d8708d6e9,1296,2270,300,4.32,0.0027050860384193716
4bd7d02e-5192-4242-beba-cccc742308c2,1953,384,278,7.025179856115108,0.00020145551610385032
d41f72b0-d874-4f92-a580-e9a77c894209,1748,489,260,6.723076923076923,0.00032026134373538685
442bd7d0-9f52-4433-80b4-ed8e68185a4c,641,457,257,2.4941634241245136,0.0022279641185647425
67930bae-4d02-4548-9b93-b735f1902fe3,1349,488,253,5.33201581027668,0.0005367202433718349
c2c08205-73f6-4c6d-aa4c-0ac34423d109,1218,501,237,5.139240506329114,0.0006759737867889626
11dabbf8-b36c-42e6-9695-51ac6c4c0621,239308,271041920,232,1031.5,0.009465724085787082
1eaee9d3-de33-4012-8af8-2664955e7d51,971,295,221,4.393665158371041,0.0006264134116173145
10e99281-5c0d-4f3d-91cb-1612c07d37b1,1268,2253,221,5.737556561085973,0.002804757506118679
b01e0fea-5363-4e72-b912-200095706726,1400,408,219,6.392694063926941,0.0004166241192688655
c9e632da-8365-4e19-92fa-56e7dfa94dba,1709,266,219,7.80365296803653,0.00018225594490115012
546eea10-1ece-4d6b-9c87-d69c5a5ccf8f,1060,2236,209,5.07177033492823,0.003983822402765158
a19651b7-1247-4143-b695-eece4d030892,1187,293,195,6.087179487179487,0.00041625763079795023
e446ea71-8d4e-45c3-8813-e0b436bc98a4,621,699,186,3.338709677419355,0.003630980208820321
201a72d0-f46e-4add-afdf-3f6a9f2197da,839,227,182,4.6098901098901095,0.0006457283787666304
0072af73-d835-49fd-b984-335fa3a2fd70,1114,306,180,6.188888888888889,0.0004935953582679642
c85a6091-64dc-4cac-98a6-655bc74956a2,844,3224,179,4.715083798882682,0.009062645820332484
b636a8e2-9509-4d7b-91a5-3f50d4dd20e2,1342,255,179,7.4972067039106145,0.00028339284583095783
acd89d49-6413-4cef-804e-4745dc2c9654,418,261,170,2.458823529411765,0.0029947333998829643
d919bf8e-8862-4abd-900c-169ef1e439d1,925,284,167,5.538922155688622,0.0006645606645606645
b43ad70c-c407-4924-afba-7393e191d2ae,669,700,162,4.12962962962963,0.0031327479570007967
bf885117-5eb1-49ab-b530-b1b676429aef,669,231,161,4.15527950310559,0.0010338068258102628
1225f237-f5ea-4f37-aae4-815582a644d0,780,1136,156,5.0,0.00373917909219578
18612228-ae67-421a-be7b-7493c9a81074,692,755,153,4.522875816993464,0.0031578595149862393
6f2e0481-004b-43ad-ac58-2291598d838b,1219,333,142,8.584507042253522,0.000448562780604307
7cb6113f-9d31-46ea-853c-df268978d6ea,1067,203,140,7.621428571428571,0.0003569475533267336
f3ba1e5e-6b53-4c0a-a42b-978d15da5313,315,195,137,2.2992700729927007,0.003942978465271459
e7cf7435-2f16-4459-aea6-7a72132c28ca,496,826,127,3.905511811023622,0.006728576083414793
bc6ab61f-7d77-46e8-8e6e-da6cd8da8525,1073,117,112,9.580357142857142,0.00020343297492036555
fa790804-e71a-4a31-8f79-17a1c7f32500,914,97,97,9.422680412371134,0.00023247955018802083
9520161f-d41f-4f43-92c9-f82801bd1043,516,170,91,5.670329670329671,0.0012794460751110108
80504309-529e-4129-91c9-0bde44a4cabe,309,301,89,3.4719101123595504,0.006325389820535452
09e2699e-5001-4c10-961b-c4b8de5c26c1,284,380,86,3.302325581395349,0.009456029462997064
5d7c8505-0100-41c8-abcc-5177e7053283,1226,93,85,14.423529411764706,0.0001238472550521024
5f8b6703-5c7c-43aa-a014-e32b70ded9a9,1008,89,85,11.858823529411765,0.00017535978310556264
0dabe63f-7c3b-4cfb-b8ad-b04906e4aec1,1302,88,79,16.481012658227847,0.00010390211476224717
7b94de96-099e-4434-8ffa-df769864194b,788,81,71,11.098591549295774,0.0002612245951018776
3a8f5440-12e3-4fe2-90cb-d837cfa1974e,862,64,61,14.131147540983607,0.00017246443594697797
326c00b3-8bbe-481a-b7b5-5a32d83f22c8,240,703,57,4.2105263157894735,0.024511854951185495
51c95e42-6509-4380-a975-3c074b102da4,232,123,56,4.142857142857143,0.004590237348858038
d1794adf-3a39-4746-8c30-200536bf93db,281,540,56,5.017857142857143,0.013726487036095577
af07a17d-c485-464a-9a8b-08586236c624,159,82,51,3.1176470588235294,0.006528142663800653
d0b982c0-0de2-45a4-aaa6-eddd404dda65,773,57,51,15.156862745098039,0.00019103285094745591
2ac5f0c1-2047-4353-8430-12dd88f1a03b,440,66,51,8.627450980392156,0.000683371298405467
c864daa1-6e1e-40d8-83d6-4400dca84833,992,154,49,20.244897959183675,0.0003133036033983269
123641f1-8807-4379-ae5c-79c91fd76254,264,430,45,5.866666666666666,0.012386219610554212
6f6f4332-9530-41d8-a9b2-b0e8af804d56,440,45,45,9.777777777777779,0.00046593497618554563
b0050fed-52ad-4ef3-8491-7e98548f3817,515,68,44,11.704545454545455,0.000513769785803332
f739f1a4-7e91-43b0-8f64-0ad881e3c407,491,63,43,11.418604651162791,0.000523712540005819
574c9c5e-3fa2-443d-aefa-d4ed2cf30e73,937,46,40,23.425,0.0001048992511105638
d7731160-419b-45f2-b7cc-d2d98c92c5f3,210,87,38,5.526315789473684,0.003964456596035544
13105e05-29e0-47fe-ad8e-830a2e7d9c6d,232,97,38,6.105263157894737,0.003619943275115689
fbef7b24-b3bf-466d-b66e-44eb0ff2b49a,191,272,36,5.305555555555555,0.014990355469826399
040943bc-43d2-43c7-aa74-557d418b782c,585,55,36,16.25,0.00032197634937360965
31ca5071-81a4-4416-b92d-a1e5fedd0ead,95,37,33,2.878787878787879,0.008286674132138858
0aa9abd3-4935-45ef-bc3b-1395e82aa0db,129,65,32,4.03125,0.007873062015503876
0ecbe4f8-9546-4646-b40b-4514a27458ce,402,266,30,13.4,0.0033002071934591383
f5f92164-c8b8-458d-addb-7ad6e4ac06b6,69,29,29,2.3793103448275863,0.0123614663256607
0784d4a3-0e5c-4edd-9be1-77667977079f,494,28,28,17.642857142857142,0.00022993980504389387
5da3e5fc-9ddf-466a-93b8-efc8a23f110d,399,59,27,14.777777777777779,0.0007430636893741892
2314d9a8-1d9a-44f3-b711-9eb8103583ff,121,87,27,4.481481481481482,0.011983471074380166
67a422f2-20ef-46a2-aa86-bddaee537bbb,57,30,26,2.1923076923076925,0.018796992481203006
2342c5d5-a72b-4712-a660-425394224cbf,191,66,25,7.64,0.003637365665472582
b156020c-8714-4984-86d3-393a5e9e5ad0,87,79,25,3.48,0.02111734830259289
36fb8f44-2e53-4daf-835d-8568f03edaf7,493,58,24,20.541666666666668,0.00047824007651841227
103dc5d8-aab9-40d4-a92c-5fd42ea7e6c2,206,138,24,8.583333333333334,0.006535638171915699
f8868bb6-b9e3-48b0-b3fd-b6f7cac443d7,189,23,23,8.217391304347826,0.001294607677586401
03cb22ba-67c5-41ab-ae40-05186f3b93ed,220,31,23,9.565217391304348,0.00128684101286841
b5f6a8fe-ef09-489a-a82e-43eaa399347c,713,48,22,32.40909090909091,0.00018910443292308177
01c2fef7-e02f-414e-a77b-863b05b7afaa,162,51,21,7.714285714285714,0.003910743041177824
66796526-fdc9-4961-b21d-c37b3a59edbf,595,21,21,28.333333333333332,0.00011883541295306001
f86b1610-84b2-47ab-81ff-fb47129b3c17,223,24,20,11.15,0.0009695794449157678
9873bb08-95dc-4a9b-94a8-17348ab1b239,399,33,19,21.0,0.00041561189405674994
1f4c3fd7-29f3-4cd0-b22d-0a3760030741,174,67,18,9.666666666666666,0.004451531459703674
e1987ef6-ac2b-45ff-8d40-f398f9d875d5,230,34,16,14.375,0.0012910575280045567
d78d146d-2826-4a0b-a988-8707d2aac87f,118,41,16,7.375,0.005939446617412719
9b46ab74-e11a-48c4-9144-430fca2f4429,140,93,16,8.75,0.009558067831449127
25a9c906-9b58-4db0-9c7c-53464809f275,67,20,16,4.1875,0.009045680687471733
7a785c9c-a28b-4a5e-886c-719f3c0cd512,104,19,15,6.933333333333334,0.003547423450336072
2709c9b4-af05-48fe-a989-435411475ff3,78,46,14,5.571428571428571,0.015318015318015318
477a8371-2f2e-477a-8ae6-de9cf8d8e628,125,17,14,8.928571428571429,0.0021935483870967744
c2d61256-8c2d-48d4-b186-d2b3940907ea,703,78,14,50.214285714285715,0.000316105579263474
9f809c70-4f91-4556-bae4-64e908827e44,510,17,13,39.23076923076923,0.0001309757694826457
11267b49-f360-43ba-87ed-a6b28dd8dece,60,131,13,4.615384615384615,0.07401129943502825
48c55f89-e527-447e-bf11-cbce0f005118,71,25,13,5.461538461538462,0.01006036217303823
4f413464-4823-4b6a-b5fd-507694465e77,627,18,12,52.25,0.00009171927786355228
5f5a7760-a3c5-46ba-bde3-2d5d883a2987,112,998,12,9.333333333333334,0.16055341055341055
efab6a8a-c270-478e-9178-3abbdb5b4139,52,35,12,4.333333333333333,0.026395173453996983
bbbb7a64-d63d-4aa2-8c06-8a3e98510d72,964,12,12,80.33333333333333,0.000025852819896330193
17ed57af-4f8f-4f48-95e7-3566a4cf25b9,255,13,12,21.25,0.0004014204106839586
f256fcac-ed77-4825-93d4-77d4f62f9b06,232,12,10,23.2,0.0004478280340349306
1d85a94b-5854-4fdf-8aed-2d5e7362a35e,89,455,10,8.9,0.1161899897854954
6a8e0e26-39ea-4f1f-b79d-3655efc73291,350,10,10,35.0,0.0001637331150225133
4a17cf09-120f-45f3-85ee-4966897da80a,336,10,10,33.6,0.00017768301350390902
b02114b7-a0eb-49db-9c80-04496d65e01c,170,282,10,17.0,0.019631047685346327
a47852b6-5c14-4321-87e9-39587f9ea8e6,21,10,10,2.1,0.047619047619047616
41bcd698-ecc3-48b0-852d-7fd96703baf6,821,14,10,82.1,0.000041591158907934997
062cabaf-984a-48e1-aabf-cf2508de242d,102,15,10,10.2,0.0029120559114735
7bfef055-a066-4d18-ac55-a39ccbe27281,31,11,9,3.4444444444444446,0.023655913978494623
45ec2276-14f9-438a-a656-932a99e4955b,99,105,9,11.0,0.021645021645021644
cba8aa0b-9936-4451-92e8-e54b19460543,66,11,9,7.333333333333333,0.005128205128205128
6de52bbf-3f2a-4196-babf-8ce3ab70c4c1,612,9,9,68.0,0.0000481370944449793
5957201e-a0be-4cf9-9c90-114bb43ea82b,745,9,9,82.77777777777777,0.00003247456159341849
3968a6ae-5a08-4510-9720-f3664e7679d5,123,100,9,13.666666666666666,0.013328002132480341
60551e0d-f6ed-4de5-87a4-969bb30d9084,285,12,8,35.625,0.0002965159377316531
2f3338d8-06c8-464b-a28b-ba626cd55426,248,267,8,31.0,0.008717513386443778
52b343a5-0179-4746-93ce-39724bd0e0bc,147,15,8,18.375,0.0013978194017332962
223cbc27-1c5b-4852-89e0-29c00ad506e4,49,101,8,6.125,0.0858843537414966
0fd451c2-f254-41ba-9897-27633c0fa22c,58,8,8,7.25,0.004839685420447671
5f8521b7-d6cd-4446-9a80-80fcaa1429a1,671,15,8,83.875,0.00006673043130102097
5bd07753-56c3-4285-a3c5-13ff6a08b5b7,40,40,8,5.0,0.05128205128205128
913a2733-68d7-4754-acdd-6bd0a20ad452,673,15,8,84.125,0.00006633411165357673
89c94ac9-2654-4f1e-aa43-e8e9bdafa352,43,339,8,5.375,0.3754152823920266
8da69768-71a4-48a4-b97e-f932996b5785,57,219,8,7.125,0.13721804511278196
06d5fccc-9f79-4fed-b778-801edcfb86e6,138,98,8,17.25,0.010367079234105575
703e5a6a-ba90-4a43-b4b7-cd3a8e7397b9,258,8,8,32.25,0.00024130546255240852
fd08bacb-c5ff-4fd2-b3a6-d7418d74b67d,139,13,8,17.375,0.0013554373892190595
60946232-94c8-439a-b696-60a8de4d8206,32,9,7,4.571428571428571,0.018145161290322582
8642fa2d-5478-48b1-a5ef-943acd8beab3,610,182,7,87.14285714285714,0.0009798379498775203
7a7b939c-f871-4ce7-8a25-f3879d0b32f9,595,11,7,85.0,0.00006224712107065048
966521fe-056d-4784-ac6f-f7c78119539f,239,7,7,34.142857142857146,0.0002461235540241201
86360a48-b76f-4d19-81a3-1a9c948cf5f4,683,245,7,97.57142857142857,0.0010519400780582475
3677cc74-2cc5-4557-95d8-9ffc53788aac,150,207,7,21.428571428571427,0.018523489932885905
05680773-0344-45cb-a177-de466c831b74,15,7,7,2.142857142857143,0.06666666666666667
2e5e64e3-8312-4fcb-9c96-692e5847cb13,335,7,7,47.857142857142854,0.00012512288855125568
aeb23e1d-08c0-440a-9bb1-54f8c7dc0b48,14,7,7,2.0,0.07692307692307693
9ebc669c-6aca-4340-a361-cd9dac43de4f,149,11,7,21.285714285714285,0.0009976419372392526
5102d1b7-01d3-4822-aee5-6c64067bbc5f,564,7,7,80.57142857142857,0.000044090044467959134
2c397f57-0dac-4243-ba71-ead61e0b099a,209,6,6,34.833333333333336,0.00027603974972396027
1d6bb1d1-e4f6-48de-8799-7089704b84f2,48,156,6,8.0,0.13829787234042554
fce0d7c1-eeb2-454d-849f-03a195037245,296,87,6,49.333333333333336,0.0019926706367384335
1c52cca4-5db7-4d8c-8e5d-aebe8499c356,38,30,6,6.333333333333333,0.04267425320056899
ddc41da5-4898-4a07-82d5-f8e405a4c5a3,41,164,5,8.2,0.2
070b6153-ea78-43f6-8eca-f2441fb64c52,48,243,5,9.6,0.2154255319148936
f4dc5d98-b6b6-40bf-a988-fb445c075a25,586,90,5,117.2,0.0005250721974271463
4fa22d39-cfe2-4c12-9876-486fb9579a11,41,151,5,8.2,0.18414634146341463
874ececc-f9b0-408b-af0d-c9f5209ab9e0,164,5,5,32.8,0.0003740834954361814
aff5b0a9-52e2-4037-93fd-f241d97ec366,63,202,5,12.6,0.10343061955965181
efae5079-fb04-48b1-9bdb-6495aa2a6ac0,27,10,5,5.4,0.02849002849002849
fb313509-0936-48fe-b214-c3ac8db88d2d,75,4,4,18.75,0.0014414414414414415
0ee95368-cd91-49dc-a709-e2518e1c0769,9,4,4,2.25,0.1111111111111111
e8e3eb3f-bb25-45d2-b519-6a67fea7f66e,33,4,4,8.25,0.007575757575757576
48e5a903-c63d-451d-96fc-04f2517eda52,21,4,4,5.25,0.01904761904761905
06d6935e-7d59-4b21-a385-0a5b5d64a00c,70,24,4,17.5,0.009937888198757764
2570f2e3-0874-4ba4-b0b7-80904f41569d,39,234,4,9.75,0.3157894736842105
0431fb8a-60ca-4d30-a6b2-d6a7f778abcb,118,256,4,29.5,0.03708532522091844
e3973605-e758-48dd-8d97-5b679b773869,8,4,4,2.0,0.14285714285714285
e247b98d-1fbc-49cd-b0ce-3095798f6171,73,4,4,18.25,0.0015220700152207
bf14f824-8d98-4808-8b79-9392105860c8,19,4,4,4.75,0.023391812865497075
009e220c-1262-4c63-969c-845f91023ede,508,102383,4,127.0,0.7950348662038547
b0773e34-1c8f-48e0-9ee4-e202e0677028,39,184,4,9.75,0.2483130904183536
c8e5845b-420c-4d13-a151-724af380126d,60,6,4,15.0,0.003389830508474576
b8da5655-7553-4e43-ae0f-52ff8b36858c,412,96,4,103.0,0.0011338671958046915
073af6c8-edbc-4430-af3f-58fb85cf7f8b,20,9,4,5.0,0.04736842105263158
aecf1acf-98d7-4e59-97ac-2f345e1f6940,1109,8,4,277.25,0.000013021130038770414
82b5222e-f812-4518-bd19-1cfa6b8662a4,23,91,3,7.666666666666667,0.35968379446640314
dbcba0b2-6e58-4622-b6b3-07233bc73de8,70,3,3,23.333333333333332,0.0012422360248447205
c6c73654-9f83-4453-88ef-18434900fe44,6,3,3,2.0,0.2
58ba4561-3283-4939-8672-0d7396dbd3a0,64,3,3,21.333333333333332,0.001488095238095238
4443b623-e4bf-4a01-9bba-6932843bb8e3,35,5,3,11.666666666666666,0.008403361344537815
479baa63-42c7-4f57-9524-98ffa9b300ce,32,84,3,10.666666666666666,0.1693548387096774
c55e8c0d-a2e0-48f1-94cf-15db4c33de89,23,12,3,7.666666666666667,0.04743083003952569
d28c0264-61a8-4e9d-af21-c6b3a4fb65ec,14,3,3,4.666666666666667,0.03296703296703297
30e23a53-8bc6-4db7-af98-e7cc5e71afc8,15,19,3,5.0,0.18095238095238095
8696c662-b560-48cf-9350-8348ebbddb67,213,3,3,71.0,0.00013287270794578793
00a935e9-29a8-43e4-8d1c-a2f661b7e2f2,19,75,3,6.333333333333333,0.43859649122807015
a9c0d844-1abb-4d27-8112-02be05c59fcf,65,7,3,21.666666666666668,0.0033653846153846156
af02adf2-1611-42ec-901f-36a44c5f4bf9,18,49,3,6.0,0.3202614379084967
5a6cb85a-8ff3-4f0a-9207-3a6e1683c83f,7,3,3,2.3333333333333335,0.14285714285714285
e693eb05-9e59-46ce-b759-364191736fc4,11,3,3,3.6666666666666665,0.05454545454545454
5ef44561-4f59-4e87-ac68-aa6c861ae873,640,3,3,213.33333333333334,0.000014671361502347417
2b30847b-c9e7-47ea-b637-efc5aaf9c438,39,186,3,13.0,0.25101214574898784
eb05075e-89df-463e-95f0-1a0ecd7e0e49,393,5,3,131.0,0.00006491146076751311
62473cbb-40a1-4d54-b269-6f02a3039cfb,30,3,3,10.0,0.006896551724137931
0d684a46-089f-4460-98bb-069857d9a94e,64,5,3,21.333333333333332,0.00248015873015873
ff12ed8e-1f22-4d9d-8e94-7d9d23f7802f,27,255,3,9.0,0.7264957264957265
ecba85b1-704f-47eb-99ae-af9e6b159fb5,27,82,3,9.0,0.2336182336182336
c3da376f-7674-433e-a012-2522d3a9bfba,660,8,3,220.0,0.00003678668322067412
696c2913-76b4-4848-ab30-56cb502a1e39,115,5,3,38.333333333333336,0.0007627765064836003
0bb699e6-134d-4a22-bef9-660d9ce0ea1f,6,3,3,2.0,0.2
71b30413-485f-4bc6-8aee-557855378e81,39,214,3,13.0,0.28879892037786775
09378d80-546a-4f59-8966-b4a7c33b7345,47,8,3,15.666666666666666,0.0074005550416281225
0ea13b8a-2628-4578-8599-6e62705ad76c,24,5,3,8.0,0.018115942028985508
fe06f733-9107-492b-bf56-90571df7d681,183,3,3,61.0,0.0001801477211313277
a05bec01-21ec-4c8d-a961-b586cee825f9,12,16,3,4.0,0.24242424242424243
a9901f9c-3bea-4260-bb11-6aedbade6957,6,2,2,3.0,0.13333333333333333
a63bf06b-da69-44aa-9579-6f1a559d8263,38,225,2,19.0,0.3200568990042674
cd9f02bb-41cb-4990-9e1a-b911801beba5,673,2,2,336.5,8.844548220476899e-6
2c6cdc13-c783-4851-9034-1a17fd9ffebc,122,232,2,61.0,0.03143205527706273
34e5546d-834c-4c8e-8988-3d55768c1e97,172,14366,2,86.0,0.9768801849585204
4ac9b8d4-9cd5-452b-8948-df8d824cdf66,19,4,2,9.5,0.023391812865497075
3cf30706-b834-4d39-890c-0215aebb2ccf,72,2,2,36.0,0.000782472613458529
33581653-0fc8-419d-98fd-ed1ad2d11a59,47,272,2,23.5,0.25161887141535616
b16fa362-8b49-4433-ad37-83de20673635,26,43,2,13.0,0.13230769230769232
6968eea9-0ee9-4e3d-9a62-587b8ab48cc1,22,2,2,11.0,0.008658008658008658
ac6e863d-cd13-4be7-9cd1-623a130df224,26,277,2,13.0,0.8523076923076923
377367ef-8e33-404e-a6f3-ed2d080f185e,34,232,2,17.0,0.41354723707664887
8e008d34-0a2b-49f9-bee9-b1041e3f24fb,22,137,2,11.0,0.5930735930735931
ff4598e2-7c8e-4695-b4ca-e77ae98b8b6b,41,172,2,20.5,0.2097560975609756
63f83df6-c456-44d6-9fd5-5200c2a2b949,66,2,2,33.0,0.0009324009324009324
29e92a30-6df3-4ce2-a0fe-0192dee38db0,14,43,2,7.0,0.4725274725274725
ae50dfb4-1c14-49ab-a8e1-5aa0fcba2dcb,33,4,2,16.5,0.007575757575757576
05845c2c-b699-4021-9e75-d54cc409021f,12,46,2,6.0,0.696969696969697
7034c438-5f2f-4d3b-bf7a-eb8085f6846a,5,2,2,2.5,0.2
7cc63ed2-dfd2-4283-b9bf-eb41f23a9680,177,39,2,88.5,0.0025038520801232665
27595678-2c82-4a7f-a881-f46c72d3ee5d,20,6,2,10.0,0.031578947368421054
7ccbc3ac-f648-4a8d-a333-1624235b3a8f,38,240,2,19.0,0.3413940256045519
4006b760-d86f-469b-b707-f3b79acbf10b,28,2,2,14.0,0.005291005291005291
793bd4a2-b1c9-43f4-bf58-a73a0255957e,169,2,2,84.5,0.00014088475626937165
7f420aed-44d7-4999-bfe9-b1aa3dc2c7b0,49,227,2,24.5,0.19302721088435373
c51a887a-eb96-4888-970d-aafac654e839,114,2,2,57.0,0.0003105107902499612
9642d166-ab9d-4dbb-b7ee-085ba65db674,22,6,2,11.0,0.025974025974025976
4b6d2ec7-f6ec-4d12-ba2a-e7c4d152927e,4,2,2,2.0,0.3333333333333333
10cb7176-ca19-4c37-8091-e5b078dc2e7e,322,106,2,161.0,0.002051043903949227
0c0192b1-c1bc-46d7-bcf9-141084482e86,489,2,2,244.5,0.000016762211270910858
f0fd4460-9a83-403a-a71e-45f4ae3e773c,88,2,2,44.0,0.0005224660397074191
d82c08eb-332d-42c7-b4e4-0db83dcf5c44,186,2,2,93.0,0.00011624527753560012
6f772698-c7a5-4d3c-84c0-cd15ecc1e5d2,28,7,2,14.0,0.018518518518518517
5065f509-219e-4294-b86b-69e6877d217b,38,240,2,19.0,0.3413940256045519
f5a43b2e-ae34-479e-b4c6-7174284b44a4,4,2,2,2.0,0.3333333333333333
299738d9-f1a4-4581-9a94-9f4d36f7adcf,42,256,2,21.0,0.29732868757259
c23bafe4-5671-479f-ba81-109e7773644a,36,1,1,36.0,0.0015873015873015873
8c3ab9ac-36c1-4e2e-8a97-3093521750de,2,1,1,2.0,1.0
179ccfdd-0a83-4ada-883d-2f49c1bfaeb4,2,1,1,2.0,1.0
27454b4d-8424-4834-9bba-3020e7cfa369,28,91,1,28.0,0.24074074074074073
921ff6e3-2551-4688-bdde-f5eb359fe1fe,25,1,1,25.0,0.0033333333333333335
8877bed1-364d-4f10-8ce9-10a0fde292b7,11,45,1,11.0,0.8181818181818182
1e05b817-6854-4c4c-bf32-1482898303e6,5,1,1,5.0,0.1
f19266cf-9236-4f31-a383-c37b428c61f2,3,3,1,3.0,1.0
22266928-4844-41ef-899e-cd3e72d253eb,8,28,1,8.0,1.0
bcafa423-4b65-4948-80d7-a4d194349595,3,1,1,3.0,0.3333333333333333
b1f5ba57-ac0c-4d75-9709-f6cd34ce711f,9,3,1,9.0,0.08333333333333333
c36f40c5-37f1-4afd-a681-15f020614199,6,15,1,6.0,1.0
b5a00083-4c1b-4fc5-878f-b9ccdbd90c81,3,3,1,3.0,1.0
60892e74-8976-4143-8f09-d3eae2406512,93,1,1,93.0,0.0002337540906965872
9cfbb799-8b99-4c9f-9d16-e7a37a409c3d,31,231,1,31.0,0.4967741935483871
14119d01-a52f-4f49-9e74-e8753bfbda1b,112,1,1,112.0,0.00016087516087516087
a8007d2f-3916-47c9-9844-af32cba9c29a,16,120,1,16.0,1.0
741a2129-645b-4c91-8f69-b3e1fb7bdf21,2,1,1,2.0,1.0
4e2d5797-db0f-4d76-8f01-7db7e05080c9,2,1,1,2.0,1.0
f55cec61-ac62-4c4f-a4a8-d2707959b716,2,1,1,2.0,1.0
f0d8967d-d22a-4d52-bd2c-88bb796e7afa,8,3,1,8.0,0.10714285714285714
f4f4b16c-f955-4744-99e8-448e74bec044,2,1,1,2.0,1.0
1deffe2a-7ee9-4455-aac1-88bcd6deb315,270,231,1,270.0,0.0063610078479966956
c75a16f2-4296-4a47-abaf-1ba3ff462ece,24,231,1,24.0,0.8369565217391305
e8013fcc-3eb0-4b82-8da0-fdc7e8d2baaa,4,6,1,4.0,1.0
2b5c014f-f79b-4fe3-9562-4e8c19f87b89,3,1,1,3.0,0.3333333333333333
99fe4af1-bd83-4d25-ba99-1ac6e5545ed3,3,1,1,3.0,0.3333333333333333
255467e4-211e-49c3-8430-a46817cc8db3,12,21,1,12.0,0.3181818181818182
6d412aa1-ea45-4634-b643-7702a0abb2ab,3,1,1,3.0,0.3333333333333333
0d282672-f571-465c-82ab-9890d45fde30,5,3,1,5.0,0.3
e7eee707-e6aa-40a2-a5cc-12d08b8b964e,229,1,1,229.0,0.000038305370412931895
3d0fb817-d836-4814-b3c6-9998b32ef63f,4,6,1,4.0,1.0
2a961dac-fb7f-4541-98a2-41343d97ab7c,22,231,1,22.0,1.0
777aa436-502b-4ba1-be8a-a74bf37c2f21,3,1,1,3.0,0.3333333333333333
acb910b9-c8e4-4438-a704-6c56744cc2d6,7,15,1,7.0,0.7142857142857143
c3fc3bfb-92f3-41f3-a243-edbd7ec5da85,4,6,1,4.0,1.0
576034b4-5d91-4008-9f2e-441f2b746a9b,6,15,1,6.0,1.0
b985e83a-175b-489c-bb90-90fb21170e94,5,6,1,5.0,0.6
f31c29d2-8ee5-430a-ac5b-8f4fa6612ee0,2,1,1,2.0,1.0
5db8367b-00e5-4363-a723-4942bfbb8477,6,15,1,6.0,1.0
effd779a-3a5f-422f-b0a1-d7b9274a031e,2,1,1,2.0,1.0
668e0d01-56a2-4aef-b68e-960bdd7a79a4,2,1,1,2.0,1.0
b6054762-efeb-4a3b-a230-1641fa09ca79,33,1,1,33.0,0.001893939393939394
381d1313-8194-4128-a450-ed70ab6d7fb2,78,1,1,78.0,0.000333000333000333
1eb61758-46b3-4b9b-ab7b-3eb8b7227a89,51,1,1,51.0,0.000784313725490196
0289bce3-581f-46c3-8e02-ee2fc666bc83,2,1,1,2.0,1.0
e2ce9566-ec0f-481e-ad7e-d984f569e185,311,6,1,311.0,0.00012446841613940462
03603aae-c88c-4d50-abaa-1bec1e9b8169,30,1,1,30.0,0.0022988505747126436
76570354-6bff-4143-91e0-7e6c9b99cc8f,7,1,1,7.0,0.047619047619047616
3fe37d27-ce88-45a1-a1f3-8821ce0fbca9,2,1,1,2.0,1.0
f08932f3-cb60-45a6-b282-377466d2ceb0,2,1,1,2.0,1.0
9f05a9d4-3fd3-4517-98b3-0dedaf7a9e84,73,21,1,73.0,0.007990867579908675
30dd3f06-2950-4bb7-b3ab-451594d8e61b,23,1,1,23.0,0.003952569169960474
33896aae-617b-4e58-88b2-26f5e2f0ef2d,4,1,1,4.0,0.16666666666666666
2692d627-a16b-4dd6-9428-bdbca3534c97,6,1,1,6.0,0.06666666666666667
a1fbebdf-1dfa-417b-b93f-527cafcdb659,4,6,1,4.0,1.0
e6f56c5a-d749-44d3-8515-bee0f87acb3c,2,1,1,2.0,1.0
a85f115a-ab01-4b84-824b-13b6fe84ecfc,4,6,1,4.0,1.0
60b871ae-dc9b-4e5a-be62-337533f7b474,26,1,1,26.0,0.003076923076923077
0f0a9638-b58c-44de-ae00-0d2267efc8ea,3,1,1,3.0,0.3333333333333333
62f67915-e00d-412a-bf19-d308f9ef5403,2,1,1,2.0,1.0
e6bcfcbc-07d6-4911-85c0-9b11e277248b,4,6,1,4.0,1.0
c961d983-9057-4947-8e5f-4354afccc4bd,24,276,1,24.0,1.0
34390b97-c78f-4540-9cfd-0eecb9a1aa9e,3,1,1,3.0,0.3333333333333333
948b7b35-1cfe-4e16-ab13-94bbaaf0f385,119,6,1,119.0,0.0008545791197835066
9f4a2250-0185-45ff-8c74-263e22d2bbb9,110,1,1,110.0,0.00016680567139282736
da553e5b-a794-4c1d-ade5-28bce69aba8b,48,1,1,48.0,0.0008865248226950354
e029fbc0-fef9-4d7e-8848-00df0de99fec,12,66,1,12.0,1.0
8f26d6ff-50d3-47f1-8fce-48968d96a4f8,3,1,1,3.0,0.3333333333333333
60057f11-bc85-4142-8ee7-0179992c9e04,2,1,1,2.0,1.0
a307305d-0066-4735-90f0-2978864cfd65,151,253,1,151.0,0.022339955849889626
789194ba-e835-4c48-bac2-739eea2996f8,23,1,1,23.0,0.003952569169960474
49f272a5-505f-4771-81eb-f27ad27dccf5,28,378,1,28.0,1.0
ce3bf733-137e-47a2-80b1-b685d51c6133,14,28,1,14.0,0.3076923076923077
44d39851-0ca9-4e72-9f0c-f2ea4a1e090a,11,36,1,11.0,0.6545454545454545
476accf6-d0ee-4dd6-925b-f0c4451a5e88,4,6,1,4.0,1.0
d9e46f0e-8f67-4280-b6e3-4c3d9fa6aff3,7,6,1,7.0,0.2857142857142857
adc58cc8-f139-40a3-868c-a2b45fd2ac6c,13,66,1,13.0,0.8461538461538461
d551b92b-6b80-4bc5-9857-b74ba2443856,5,6,1,5.0,0.6
dab4bc4a-b7fc-48c5-ad02-c97bfbfa792a,4,6,1,4.0,1.0
c0a17106-26f1-44fb-8e0c-5b4cc571e796,2,1,1,2.0,1.0
429c76fc-c590-48c0-94d7-4febf757544e,2,1,1,2.0,1.0
3ca71222-1f43-4b02-b3e7-52a43a4f434c,34,1,1,34.0,0.0017825311942959
91623f66-4a9f-486b-a665-576c75de31fe,323,6,1,323.0,0.00011537795896390593
13ba824e-bd80-4d6a-8bc2-ec5f6ad0d4e6,3,3,1,3.0,1.0
a94936aa-a5fe-4292-a012-660d82dbc01e,2,1,1,2.0,1.0
ce7b62dd-2403-4fa1-8ad6-7fa12164c0e2,1107,1,1,1107.0,1.6335305004647395e-6
b4f63d59-1a9f-4710-9f2c-155bf0797be6,491,1,1,491.0,8.312897460409825e-6
22bf56b8-8135-41a7-8bb4-60a5b17fd10f,4,6,1,4.0,1.0
fdcbea08-64c1-4310-86aa-b2058d785d8d,4,1,1,4.0,0.16666666666666666
c5ba2588-3f3e-427b-a85a-57225cf64858,179,1,1,179.0,0.00006277069863787583
96f01bbe-063b-42ff-b48f-7e7c6d8a16e1,14,6,1,14.0,0.06593406593406594
0e6141d2-b921-4d19-8481-04d66b476513,42,6,1,42.0,0.006968641114982578
a0f561a9-c7b6-4969-b00c-e7fc679cf4c9,9,1,1,9.0,0.027777777777777776
9eca4c99-933c-4b93-ae3a-a9c026e72876,3,1,1,3.0,0.3333333333333333
0c5c3cc1-79c6-41ba-b478-036b2cf0b465,2,1,1,2.0,1.0
7b9e2794-946c-4fc7-8654-a23bc19cc490,4,3,1,4.0,0.5
477a52a5-a31c-4d6b-9f21-7002327a9a67,401,1,1,401.0,0.000012468827930174564
4086c750-34e4-416f-9056-4510c2a4d2a8,8,0,1,8.0,0.0
577049b6-05c8-4396-8c0a-35ae95965541,3,0,1,3.0,0.0
600b091e-5af3-46e9-8ea7-57eada415b86,4,0,1,4.0,0.0
7a193a4b-3278-47d9-a63e-a0b9b5755d99,1,0,1,1.0,0.0
c525ef34-a8d3-4d4a-b4dc-5a8488a14852,1,0,1,1.0,0.0
6626517d-c6ca-4b36-a117-3ee78355b94a,3,0,1,3.0,0.0
99e3b5f1-2732-447d-8914-e86c53109cf5,1,0,1,1.0,0.0
2186b76d-6345-426d-97d2-d6cf9bf9cebe,2,0,1,2.0,0.0
5e0792c4-0cac-4075-b389-9d1574cb9d1b,4,0,1,4.0,0.0
e70dee64-e398-43ae-a013-2fadb1de59ba,1,0,1,1.0,0.0
79bae041-508c-4601-9ead-8a5603431221,1,0,1,1.0,0.0
aa39bb8c-c4ed-492c-a7fe-a5298fe07bb7,3,0,1,3.0,0.0
a5ff5ef9-6e0a-42a4-b93c-bb52af0cc13e,1,0,1,1.0,0.0
725f88d9-c20d-4c23-b595-199b8686d1f0,3,0,1,3.0,0.0
c4add9f8-fd65-44b3-935d-b1890daef58d,3,0,1,3.0,0.0
cb6b9779-7dc1-4852-9360-02f3a720cdf2,1,0,1,1.0,0.0
e1d86b12-bdca-43f9-9858-c86a4423d287,4,0,1,4.0,0.0
2bfeef16-ef72-4d70-97e2-e977988cd82d,1,0,1,1.0,0.0
c84bfb7a-853f-43d7-bab6-b556b963738e,1,0,1,1.0,0.0
2fa30068-b96b-4d0a-bff2-fbfe36d8dd95,1,0,1,1.0,0.0
726cc4e1-8291-4e83-810d-637a3c9a4bf6,1,0,1,1.0,0.0
69b2132c-4ce7-4aa6-b39e-a9307e82ae46,1,0,1,1.0,0.0
50eb43d2-c050-4103-acd6-327c29c1c583,1,0,1,1.0,0.0
3e3a68a0-7809-4fee-b31b-ca2530608d48,1,0,1,1.0,0.0
b46bf455-372a-453e-a182-a9b0faefebb3,2,0,1,2.0,0.0
c7305ead-5f98-4884-b866-e118acedb96e,1,0,1,1.0,0.0
00bb6850-4e04-4545-8a9e-4b9147f8ce2c,1,0,1,1.0,0.0
ff3f1dc3-2584-4346-8121-4a1b199b5548,1,0,1,1.0,0.0
8704c76c-aa28-4cbd-90af-517321552162,1,0,1,1.0,0.0
1d8d141a-0f11-460f-b1a0-39c26d0cdfa6,1,0,1,1.0,0.0
9365c62a-e2c0-4fff-a081-8e47250b53c1,1,0,1,1.0,0.0
b1898147-4fb9-4110-a80d-9ae8eafcc387,1,0,1,1.0,0.0
eb7d6d41-ddaf-4fd4-89c8-30a22d29d557,1,0,1,1.0,0.0
12e69fa9-3a73-4e2e-8975-d0bfe5e53ae6,1,0,1,1.0,0.0
9d09480b-c355-429d-ba16-2a2147082d8a,1,0,1,1.0,0.0
e0692b96-521b-4bbc-a786-956648c5b70f,1,0,1,1.0,0.0
99427648-e245-4807-a923-c36119702ef4,1,0,1,1.0,0.0
acdb6cb5-796a-4947-a1e6-37607f5aa498,1,0,1,1.0,0.0
645ea946-f06d-47be-be2e-c1dc0e811ac8,714,0,1,714.0,0.0
f2b63154-4703-48da-ab80-3c7b3ce59287,20,0,1,20.0,0.0
a53fad08-ca08-4738-a52f-f22b2b2110e4,14,0,1,14.0,0.0
de5162fd-a262-44af-bed6-07b911c4a620,11,0,1,11.0,0.0
0c910b5b-4d03-4504-9f3b-622f19f2fdb1,3,0,1,3.0,0.0
4bf20b7d-3255-4a04-ba98-cb2622f035bd,1,0,1,1.0,0.0
191773a5-d60d-48e0-8288-887f7228d2a2,9,0,1,9.0,0.0
9db058ee-d717-4390-b4a3-50fffdd710c7,3,0,1,3.0,0.0
e70939ee-c13b-40fa-9789-3e2d0cd7a2ad,3,0,1,3.0,0.0
f7e88827-254e-430d-8031-13f3a8250d2a,2,0,1,2.0,0.0
13662c5a-5d36-4a95-9c92-1e6d0a250602,1,0,1,1.0,0.0
cd5ac695-97a5-42b4-9b9b-2e78fff8b8a0,1,0,1,1.0,0.0
712b9919-e62e-411e-adc6-0068b85227a5,1,0,1,1.0,0.0
56fcef33-adc6-46ad-8513-d11d3edd6f77,1,0,1,1.0,0.0
253f5ca8-d33b-4120-b62d-53d185690a6e,1,0,1,1.0,0.0
291f523e-f20e-400d-a13a-78058e3e98ce,1,0,1,1.0,0.0
ed607163-f3ed-4586-9303-e2df1f1bf3d5,1,0,1,1.0,0.0
23a3d87e-2b3b-4636-9919-49f7f26427f3,1,0,1,1.0,0.0
bcafaca7-df41-4587-9671-61022bea002e,1,0,1,1.0,0.0
2c47fb26-a9db-40c9-8d8a-fab9a1de5e0a,1,0,1,1.0,0.0
39f547f7-2ed5-4ec0-a3a3-57da7aa676df,1,0,1,1.0,0.0
31bdaa0f-230a-443f-b63b-b07ff5ab3ef8,1,0,1,1.0,0.0
bb8a3ec5-be98-4d68-a748-5e87adae3611,40,0,1,40.0,0.0
65634ba9-c798-45f7-9fa6-037c44114983,40,0,1,40.0,0.0
d0b8bcd5-3b98-4de8-a20c-f42f9d411930,1,0,1,1.0,0.0
26fe7974-f831-409b-a33c-0c3bf389ae22,1,0,1,1.0,0.0
cb4792dc-f887-46dc-9aef-436a46593142,3,0,1,3.0,0.0
ee49c5ec-97a1-47a3-8e32-35f4584e7946,29,0,1,29.0,0.0
9d2a3b4c-fb5b-4221-9a10-69612767ae80,9,0,1,9.0,0.0
e8484e7e-b615-4727-9bec-d7f317309101,3,0,1,3.0,0.0
7695479b-0fb7-4116-8add-74af3d9955c0,3,0,1,3.0,0.0
ed386a21-a3a0-4e57-8c58-1a1994416cd2,12,0,1,12.0,0.0
3ea60306-59f3-4dde-8235-c14786cdde9d,3,0,1,3.0,0.0
901e0ca7-7a4b-4ce5-a729-c0008ef94c41,11,0,1,11.0,0.0
929ec03d-0e52-4199-90e5-e26d1931e907,1,0,1,1.0,0.0
1139a37b-9eeb-4071-a000-108a864117ad,3,0,1,3.0,0.0
8684e37f-de09-4e3e-8ac7-f9018393d91b,1,0,1,1.0,0.0
e3b441ae-1db6-4d5a-b247-be8f5888a715,1,0,1,1.0,0.0
fc632877-89c4-4d52-9b85-d3b26eac6d0f,1,0,1,1.0,0.0
0b2a030f-2d3f-4efb-8080-01ba4ee61bff,1,0,1,1.0,0.0
642738ee-361a-4ac0-9d62-c2d33a63a64c,1,0,1,1.0,0.0
dcdb11df-ef2f-4f2f-8fae-cdfb3aa9278c,1,0,1,1.0,0.0
50aaf71a-98b8-4040-bab5-f97b4bd20215,1,0,1,1.0,0.0
1ee9235f-79f6-401d-a540-5fe331e9e7f5,1,0,1,1.0,0.0
b2caea41-df12-495c-ad55-6ef6ce17971f,1,0,1,1.0,0.0
20acb967-b805-4c8e-ad09-d3a8f89e82b9,1,0,1,1.0,0.0
6735abfc-2c70-4db4-b33c-a770defea423,1,0,1,1.0,0.0
8152438f-e490-47d6-9193-0837a682f09c,1,0,1,1.0,0.0
115a032e-9a20-4b86-be28-b56fdac5bbd5,1,0,1,1.0,0.0
7c4b682c-8c9a-4b1d-9a0d-e086c4eaa91f,1,0,1,1.0,0.0
6a439b6b-d1e9-46b9-923b-06881ecfab18,1,0,1,1.0,0.0
4f5621e4-815d-4a22-8ca2-92d57efddb38,142,0,1,142.0,0.0
e91ac7cd-723c-4a3b-b6b5-1834cea07f2e,711,0,1,711.0,0.0
f015c601-9d20-4427-bcf5-379d549b1267,43,0,1,43.0,0.0
1bf80807-cce7-497f-b82e-269d9269e211,3,0,1,3.0,0.0
864e88a9-780d-4f23-b277-64910cb55668,1,0,1,1.0,0.0
e59d5ebf-b401-4378-b8f7-ace611e0acb6,26,0,1,26.0,0.0
2eeaafb7-9ca4-494e-8469-3aafcb425e33,3,0,1,3.0,0.0
527b390e-7b80-4400-ac5d-9254a6ede32b,19,0,1,19.0,0.0
77ee384d-c803-45ee-af17-3ef877dadfb7,16,0,1,16.0,0.0
6f542061-63c9-42ef-9d46-191d76fc7cb6,3,0,1,3.0,0.0
5b9f99f7-0983-47c8-a2f2-e35b45e90dff,1,0,1,1.0,0.0
9701077c-c62f-4933-8649-9b4ee4005e06,1,0,1,1.0,0.0
38ca04a6-01ec-4377-811b-99e88aa1af82,3,0,1,3.0,0.0
4370e09c-f701-48a7-a3a8-28f8ea566a27,1,0,1,1.0,0.0
838d3b4d-2e33-45c5-a1aa-fb66b1e7aaf5,3,0,1,3.0,0.0
04b6dc81-93ac-4fa1-9f48-d60fcd04db5a,12,0,1,12.0,0.0
d9e4e3df-12a6-42f6-a356-22ee7037366e,1,0,1,1.0,0.0
96790a54-4334-45ce-bc2c-f3adc5e72c1d,1,0,1,1.0,0.0
329534c2-93f9-4a4f-bf10-9764b72cc0e7,1,0,1,1.0,0.0
cff9c833-dd1f-4038-930d-35d8a428b20c,2,0,1,2.0,0.0
eebd9bf8-3d91-4422-a490-63927a1e8d2c,1,0,1,1.0,0.0
2667b440-d379-45da-a4c0-6b0df568e0d0,1,0,1,1.0,0.0
2202c700-fcd5-4d71-a7ed-a01a5c92fabd,1,0,1,1.0,0.0
a7f4a3ff-68c7-4948-a46f-d16c0fdfcf30,1,0,1,1.0,0.0
cef9d2d0-e2f7-4f3a-9e25-ef16d0ceaade,2,0,1,2.0,0.0
c3cf847b-5d78-4122-b302-b088b5b11b04,1,0,1,1.0,0.0
3b86a141-07fa-4e6c-b934-62601c175962,1,0,1,1.0,0.0
a7dd7e6c-aeeb-4068-840c-8e4beff8a3a0,1,0,1,1.0,0.0
df19e492-199e-4d4e-ba2a-54b21c5856fe,1,0,1,1.0,0.0
2111f96f-7ca7-4462-b08c-8e50585a52d3,1,0,1,1.0,0.0
fe6eba4c-2879-4862-bf11-a991b2e9cba6,29,0,1,29.0,0.0
7d201c80-d35e-4cb2-a314-18ed1e97934e,3,0,1,3.0,0.0
f5f8161d-5e0a-44cc-8b09-d02a9105c3d1,33,0,1,33.0,0.0
d82467fc-b440-4ae1-a6a0-f4608ce9ab33,1,0,1,1.0,0.0
a1bee936-7517-461f-bffd-8224a1d5af10,13,0,1,13.0,0.0
00627296-6e48-4443-a896-2eb73b26ae7b,1,0,1,1.0,0.0
71c87497-9e53-4b6e-a300-728166bdd2f4,1,0,1,1.0,0.0
79ffbafe-1778-406f-923b-f7f9fbac3e3d,1,0,1,1.0,0.0
cdea3288-00ff-48e0-8752-3b1c168aa5ba,1,0,1,1.0,0.0
1b94db93-9011-43a7-8f16-c8d09d402e61,1,0,1,1.0,0.0
42b55476-8a59-4533-bb74-b3eda4f2a2dd,1,0,1,1.0,0.0
e7e417d6-c3a7-47b7-a73c-93e55b40bf0e,1,0,1,1.0,0.0
503ff8cd-6e17-4e51-89af-61f574b8bef9,3,0,1,3.0,0.0
64038bd5-2d0a-4f80-8d8e-01113d173946,1,0,1,1.0,0.0
0bc7f811-1d79-4623-ada1-9852e1b893d0,1,0,1,1.0,0.0
89a7e611-0d35-4401-95ed-fac44965c28d,1,0,1,1.0,0.0
676c5cb7-30e6-4b82-b125-ca65cd81541a,3,0,1,3.0,0.0
0f4cf8fc-5fa7-4629-babd-b3d846371e87,1,0,1,1.0,0.0
da3ede10-4b64-4cef-94db-efd3560f824d,1,0,1,1.0,0.0
7357b5c6-d5f0-4dab-9dc7-fb291a2d6dec,2,0,1,2.0,0.0
a0df5d5a-b0e8-42e3-85e6-5ff429a55752,1,0,1,1.0,0.0
cb28c074-f22c-4fb8-af77-ed7c57234cab,1,0,1,1.0,0.0
7e5bc437-13fb-4689-bf5a-64831525eac1,1,0,1,1.0,0.0
452c5ad2-83a1-4a50-8d02-54fd0a77118f,1,0,1,1.0,0.0
ef655d23-23bc-4c8b-b4f4-4da67901da5a,1,0,1,1.0,0.0
7b5b1779-b68e-42fe-b5f3-5677eae5fe17,3,0,1,3.0,0.0
d95fab29-d7e0-4573-a20f-102f7bc20270,2,0,1,2.0,0.0
57fc4de5-9e96-4e55-848e-0778acc319f8,1,0,1,1.0,0.0
e90c02e2-7546-4373-8809-4b4f588849e2,3,0,1,3.0,0.0
e2cdf8f1-d42a-47c2-ac20-6a76e0ecfa60,2,0,1,2.0,0.0
455302c6-f092-41f3-99f9-12d693dc5550,11,0,1,11.0,0.0
c89c9a05-0f90-41a9-9662-b9a7dc8f1f08,1,0,1,1.0,0.0
7bb99321-82a6-4764-b41e-f31c8db8055d,1,0,1,1.0,0.0
f44a9126-8782-4549-9f4c-650592dffa14,3,0,1,3.0,0.0
47b05ca4-f2f5-44df-ad12-cf82b5f4897a,1,0,1,1.0,0.0
4c29a096-6330-4004-b544-c444a02d8135,1,0,1,1.0,0.0
c3514b65-3dee-4d1e-b68a-cbab15daf906,1,0,1,1.0,0.0
24448e50-f2d6-4835-b368-638b11bba89c,1,0,1,1.0,0.0
8cad3b23-0ddc-44f3-ae81-311a1dc0d788,1,0,1,1.0,0.0
010e9b75-e16a-42a4-b309-9c61186517e7,1,0,1,1.0,0.0
038ca1bc-a59a-4b88-ad8c-9289411e4670,1,0,1,1.0,0.0
4a26a146-3652-43e7-b01e-33c40d85daf0,1,0,1,1.0,0.0
f6e6b166-711c-40e5-8a5c-75d96ee3a2de,1,0,1,1.0,0.0
ac36337f-078e-4c0a-8656-6fa09be37c20,1,0,1,1.0,0.0
e1ff573f-043e-40ed-a8ca-4745902d697b,1,0,1,1.0,0.0
28f41ea3-1af0-463d-9661-aea873312e8f,1,0,1,1.0,0.0
743eed9a-9207-408b-a410-78ec2c630cd6,1,0,1,1.0,0.0
72e06428-1d30-4332-ade1-533bbcaeb408,1,0,1,1.0,0.0
c78ed11d-fe30-4a5f-84c1-b2c05b6ac4aa,24,0,1,24.0,0.0
375fd942-dc4b-4af7-8a8b-b5366a517ca9,15,0,1,15.0,0.0
1974ad89-1cc4-448d-a502-c555b4ac32ab,1,0,1,1.0,0.0
bd42472e-4acc-412d-8ca0-fa573a1fbc24,1,0,1,1.0,0.0
2bc52590-38c6-45c9-8ae6-4defba91baef,3,0,1,3.0,0.0
3c4cbc7c-1a01-4554-90ab-480d987ef462,3,0,1,3.0,0.0
90ece3d5-58f1-4dcf-91d5-b511cc7a3801,7,0,1,7.0,0.0
d4b7ea30-401d-4cae-9870-5b47745def8a,1,0,1,1.0,0.0
927b2650-16a2-495c-a93b-c34cffd17729,1,0,1,1.0,0.0
17b2b5e8-7ef2-4d2f-8ab1-3f1cd406edbf,1,0,1,1.0,0.0
148d0602-faf1-4229-bd98-f25bf74101b4,2,0,1,2.0,0.0
ca6bad62-2d93-47c6-8b4f-906d5360dd74,1,0,1,1.0,0.0
036dab13-29fc-487c-aefe-403885b93dad,1,0,1,1.0,0.0
b79e3096-ce87-4b76-a53f-b7592d6e1335,3,0,1,3.0,0.0
7b1bb0af-a97f-4127-9934-577dc49d7272,1,0,1,1.0,0.0
842f0ee2-aa5b-4a67-a073-3ba805955f0e,1,0,1,1.0,0.0
036403a7-f352-4b43-9733-15ba980e9078,1,0,1,1.0,0.0
083451ef-aaf6-46d0-9c44-f701e7f6fcef,1,0,1,1.0,0.0
a04113d6-af9e-4ad2-9e01-208609e1b1b1,1,0,1,1.0,0.0
67bc44ef-3987-471c-912c-e09260492765,1,0,1,1.0,0.0
b88021e7-fd4d-47c8-9093-3a6000b16644,3,0,1,3.0,0.0
2bd181f0-3065-4aa6-97a7-c94d3ca19a3b,1,0,1,1.0,0.0
8d9a0e50-bfae-488b-a584-370081497a8c,1,0,1,1.0,0.0
d0e04a76-c249-4752-abe9-82f647d2b2c8,1,0,1,1.0,0.0
7b8c973b-681a-4b0a-91f3-aac13e8bd128,1,0,1,1.0,0.0
499a4b93-b293-457a-9f0b-8c0585f253ef,5,0,1,5.0,0.0
2fc2ca79-56e0-42cd-95eb-68eb61f996a8,26,0,1,26.0,0.0
b48a6585-91ce-49d9-9425-376ada31c131,24,0,1,24.0,0.0
765dde95-0304-486f-85a6-6a3360621313,24,0,1,24.0,0.0
38e3e7a2-0a1f-4b83-8b04-1517fcd3c9dd,14,0,1,14.0,0.0
cf090930-4226-403d-83e8-acb75db5fb7c,33,0,1,33.0,0.0
1774911c-c832-4ab9-ae03-d6cf9bd21786,711,0,1,711.0,0.0
ca3887b1-d2c9-461e-83fc-6756b7893d23,33,0,1,33.0,0.0
9e61b7e5-73d7-496d-973f-f66d9250e4e9,118,0,1,118.0,0.0
5e604432-e45f-478f-8596-e96ff83c212c,3,0,1,3.0,0.0
559927a3-2e49-40fa-8bfe-2802924e6db1,4,0,1,4.0,0.0
93a5d9d8-1a1e-4ca8-adab-02381ecf75c7,37,0,1,37.0,0.0
e5c98bfc-47f7-408f-a4b6-c3dd7f4b9e47,1,0,1,1.0,0.0
fd80161d-b2fe-4107-9163-31d9ae2c9ef3,1,0,1,1.0,0.0
7daafcf2-3d80-49a6-a7e2-da101064a63e,5,0,1,5.0,0.0
e6f8dc7f-437f-46d5-af03-ddd8590cb4a6,6,0,1,6.0,0.0
43b10799-df5e-4d68-bb3c-905e564861ed,1,0,1,1.0,0.0
2c468faf-86e0-474f-bacf-59ddf72fd393,4,0,1,4.0,0.0
646f8ed5-d73b-439d-9ff9-1a9e2605dbea,1,0,1,1.0,0.0
690f167f-92b4-4bec-a058-efee4f9c3bab,1,0,1,1.0,0.0
a14d026e-dea5-4dad-ac56-0f27c136186b,3,0,1,3.0,0.0
1afcf2c1-2629-4d7b-8927-20f647fd84cd,3,0,1,3.0,0.0
67110533-c515-40f3-90fc-d88f55dc910a,1,0,1,1.0,0.0
1b0a0b4c-852b-4a83-a162-339f7dbfe6e8,1,0,1,1.0,0.0
bd9dce18-aaa5-401f-bb88-526030b68b27,1,0,1,1.0,0.0
b9eb729d-32ad-4ba1-98e1-6c1dde12ad95,1,0,1,1.0,0.0
1dbf7cc3-44be-468c-ad49-7102c186e66b,1,0,1,1.0,0.0
75f21c2f-11ce-4875-a80b-708a79a06162,1,0,1,1.0,0.0
f2cc29c6-cd73-4311-989b-f2c3620bfb2a,1,0,1,1.0,0.0
a5368e4d-b306-4a90-8fce-60e69fed0c89,67,0,1,67.0,0.0
22548ae6-06b1-43f0-b2f2-b9e1f6c861da,711,0,1,711.0,0.0
bb962f3c-6c60-406f-87c2-f0b32d172eaa,13,0,1,13.0,0.0
97849f00-12c3-4381-9c35-802da71212c0,3,0,1,3.0,0.0
44d70eac-808a-4049-afe2-8e29a86cc5fd,3,0,1,3.0,0.0
bb80f580-4ed8-4ce9-a574-3c35e56e4518,2,0,1,2.0,0.0
ef928c3d-f08a-4f74-90de-f9eeb93f04f1,2,0,1,2.0,0.0
819d7032-d06f-49e6-a70d-e88ab18f62ef,3,0,1,3.0,0.0
00e20e06-b06a-4ac8-bec3-50eaf85506a7,2,0,1,2.0,0.0
0fc746e9-04d3-47e1-8170-ec1ef0e29848,3,0,1,3.0,0.0
0208e3f4-96aa-4eb7-a2ef-e8424d614a76,5,0,1,5.0,0.0
191e5311-7498-4770-9cc0-2d4a9045ebdc,7,0,1,7.0,0.0
58918498-e573-401c-b2b4-99ac971c25f2,3,0,1,3.0,0.0
70698859-ea2b-41be-a0d8-d29f4c080fcd,11,0,1,11.0,0.0
ad1b1e3e-5c77-4dde-a994-444f55f15ab8,11,0,1,11.0,0.0
8ae730be-2b0c-4910-a140-7e797ff09da4,1,0,1,1.0,0.0
dbc1ebe3-dc05-41e1-ae05-a8a6b141afdc,2,0,1,2.0,0.0
20ad47fc-d49b-4bbb-80c7-05f07a5e1a39,1,0,1,1.0,0.0
06ffc02a-5920-4f5b-aa6a-1d11f5cdc109,1,0,1,1.0,0.0
5fd3dd62-b95a-4c35-9703-4ebe794eb59c,1,0,1,1.0,0.0
21e17d28-97d6-4b29-b119-4502f5529b94,1,0,1,1.0,0.0
1bc6dfd0-a1fb-4aca-a748-f5b0041dcbb5,3,0,1,3.0,0.0
65f12f92-6f00-44e9-9546-67b6267878f5,1,0,1,1.0,0.0
3d4c9fe1-c509-4fa7-899c-1b34cb2e79a9,1,0,1,1.0,0.0
4079147c-cd7a-4cad-880a-115c84c37bfd,1,0,1,1.0,0.0
65547514-c8f9-4968-8472-d453b9b1140a,1,0,1,1.0,0.0
164186a1-c502-4fb2-ad2d-05b707372510,1,0,1,1.0,0.0
21174ec4-b5dd-4668-b7cf-0170967ce97b,1,0,1,1.0,0.0
f140ab49-ae42-4ac6-9c7b-3e5e15629c33,1,0,1,1.0,0.0
968a95be-6750-4e43-8fd1-c8daf3225be8,1,0,1,1.0,0.0
6127ba00-c5e7-4d86-8b67-95df423bd1a9,1,0,1,1.0,0.0
5a5d697d-32ca-4630-bfa4-1e7eb26bba3e,1,0,1,1.0,0.0
61ab54df-a2b9-4347-af86-edcb49391870,1,0,1,1.0,0.0
e19c7861-dcf7-4916-abd5-303bae0abe4a,1,0,1,1.0,0.0
1230c663-dfca-4a4d-a5b0-439bbc8a4bd4,1,0,1,1.0,0.0
f4687350-45a3-4928-bfae-16a97e5812f4,1,0,1,1.0,0.0
9f89da77-c182-4abb-9ff1-0f6784e997d7,1,0,1,1.0,0.0
8b3c0bd3-bdf6-4f32-9762-008662688b2a,3,0,1,3.0,0.0
44837bb2-30ba-4375-9303-497045057800,755,0,1,755.0,0.0
99a6b09f-9065-4f43-add9-542a89a3d394,711,0,1,711.0,0.0
2ccfd5c5-2244-4e8e-980e-7ad5e2752c73,242,0,1,242.0,0.0
87f0c250-391c-4f65-ac11-34dc88161ea4,1,0,1,1.0,0.0
1b820f4b-8e45-4130-8536-dc7bd6e56149,181,0,1,181.0,0.0
bed7f5e2-55a9-4d53-8496-6d55408879f8,43,0,1,43.0,0.0
633581bb-fb53-46de-b61f-f59ea251ed1e,43,0,1,43.0,0.0
5d76dc51-9bb1-458a-91d3-2f1073de4643,42,0,1,42.0,0.0
2863e790-f418-4eeb-a281-0c9da9cd37b6,15,0,1,15.0,0.0
203b872b-591a-47ea-a814-3bc58c1a517d,12,0,1,12.0,0.0
2bcd16b8-985f-43b2-a161-7036d2d8138e,3,0,1,3.0,0.0
f9666a70-ebb3-4b33-b061-ce806a43d5b4,3,0,1,3.0,0.0
d6ffcafc-9d4b-4326-9d95-bd32d7142940,1,0,1,1.0,0.0
5625da42-44fe-44c3-8bff-9ef9fc7532b4,3,0,1,3.0,0.0
28c148b2-826c-4126-88d8-a0505a1644f8,1,0,1,1.0,0.0
1b23b4e7-9d2f-44e5-abd9-3dfe5218c576,1,0,1,1.0,0.0
0476ed4b-b1e2-4564-9b96-c875ac213b5b,1,0,1,1.0,0.0
415f06f7-de5c-4731-a4fa-e8c31c08c0a5,1,0,1,1.0,0.0
a5a9bf28-3f54-42ff-b573-7e24d212f4c1,1,0,1,1.0,0.0
335d45e6-69d6-4099-be42-4a2dae1cd43b,4,0,1,4.0,0.0
f7ce223b-bb87-423e-8e74-2a15a4eeb830,3,0,1,3.0,0.0
0a111abf-70f7-4be3-a26a-6afbec45a90b,1,0,1,1.0,0.0
cfef0966-503f-4a76-abc8-2098f3e31cf9,1,0,1,1.0,0.0
fad82225-5cac-4176-a4d0-9eaa82521055,1,0,1,1.0,0.0
ce3d47af-fa0c-4316-9e02-e02998a2a8f2,3,0,1,3.0,0.0
9c16cc57-b0c6-4bb5-ac1f-ecdcd2185f18,1,0,1,1.0,0.0
22120511-67d9-41c9-92b9-099de8e127af,1,0,1,1.0,0.0
8dfa81d3-e135-41fe-929b-f81ee8457d30,1,0,1,1.0,0.0
069d1dae-32af-47c3-8bb6-b678d93c9ed2,1,0,1,1.0,0.0
7f51f2c1-b77b-46ad-96b5-f3c174e70899,1,0,1,1.0,0.0
e552a500-0240-45cb-b4eb-c5fe56810389,1,0,1,1.0,0.0
0a021cf3-10b4-4f0c-8ea1-79618133d4df,1,0,1,1.0,0.0
5035b1c8-f1c0-4543-919c-44d4c35dad3b,1,0,1,1.0,0.0
e2490bb6-89f3-4aa3-b527-aa7f6ac533ec,1,0,1,1.0,0.0
9c53d347-8707-45b9-8dc9-630d555d3822,1,0,1,1.0,0.0
3f6e8301-9d9c-4a7b-9774-910e15129404,1,0,1,1.0,0.0
a826b4f9-c332-48cb-baa2-e3369dcce6c9,714,0,1,714.0,0.0
975cbe9e-adaf-4978-9e13-973992c8fde3,20,0,1,20.0,0.0
61d55646-7e33-46af-9d1d-f0b0a894aa15,78,0,1,78.0,0.0
94dcee4c-d929-49c7-a4d0-ccdac64aa5b2,1,0,1,1.0,0.0
a710c117-0af4-4bd3-89dd-23c6f1d4c4d8,12,0,1,12.0,0.0
3f269725-1bc8-4357-b3e1-3c8fb6e5cae3,1,0,1,1.0,0.0
8903c58f-b889-4f2a-9081-2038f846b5bb,18,0,1,18.0,0.0
744fe055-ab9e-4242-bb05-783374df59e5,3,0,1,3.0,0.0
6abee5c7-1d4d-413b-bd67-bce03952638b,1,0,1,1.0,0.0
abbab0d7-f998-41f2-bb8d-2663c8018822,3,0,1,3.0,0.0
5b083f12-5bf3-4624-8481-610b78b7f9e3,1,0,1,1.0,0.0
1144fb9f-d8bf-43f0-aff6-3b12701d682d,3,0,1,3.0,0.0
cd006908-fdc7-435d-89f9-09dc1109319f,2,0,1,2.0,0.0
942cda23-23e0-4c91-ba68-b74d8a745e8e,1,0,1,1.0,0.0
eb8ea633-08d9-404e-9135-2a1c7d15dbf7,1,0,1,1.0,0.0
f031199e-cca1-4c62-9bbd-9450d366925f,1,0,1,1.0,0.0
701a196c-3b38-47c5-98cc-406011500e24,1,0,1,1.0,0.0
838bf1f5-24bb-43fa-a679-e314115db0f2,3,0,1,3.0,0.0
d3f0f098-4d8d-4256-9d24-eea7125bf5a7,1,0,1,1.0,0.0
43d76599-3b10-4453-8c79-4fa6abd813ad,1,0,1,1.0,0.0
885221fe-b3da-4c73-884f-55f396513943,1,0,1,1.0,0.0
4f3a7c90-58ba-44f6-af5a-2ee78bf7b219,1,0,1,1.0,0.0
40654dd7-1242-4a5f-90a0-cd8c64a2da25,1,0,1,1.0,0.0
e83f3894-fa18-45e6-afde-21a5e1068a0f,1,0,1,1.0,0.0
b3ecdd9b-c29a-4994-8527-6af5665ae1dd,1,0,1,1.0,0.0
ec29d896-d37c-4847-a4fb-651a3a9cd265,2,0,1,2.0,0.0
b2e870de-2319-4b75-a89a-4cd67c114a29,1,0,1,1.0,0.0
bcff0804-0186-4945-8157-f69dd3a4d619,1,0,1,1.0,0.0
2ac3333e-f2f4-4693-891c-238f11629848,711,0,1,711.0,0.0
7418d491-f6c4-4bed-ae57-a15645f14bcb,2,0,1,2.0,0.0
a4059991-444b-499f-886f-c383d9197d29,23,0,1,23.0,0.0
9d3830f8-2a72-4d0d-a3eb-7d549030a9c2,27,0,1,27.0,0.0
d2bc2847-c344-45a7-9058-3dcf226f0fdf,3,0,1,3.0,0.0
0b466dd2-3057-4816-9379-ac1e7ec9f8ba,12,0,1,12.0,0.0
4a894961-1ecc-4ac5-be38-835439c34cda,1,0,1,1.0,0.0
1bcff40d-bff7-4b73-8a37-71999fcf6abd,3,0,1,3.0,0.0
5da5fe0d-375b-4267-86eb-0a4aa4e2bdc3,6,0,1,6.0,0.0
ec59fb03-5c1e-4d5d-8ffc-d40760399175,1,0,1,1.0,0.0
1bc1ea82-ba60-4707-b40e-764e76a337f2,3,0,1,3.0,0.0
9e1610a3-c5fd-4ae7-af67-ab4dca2feccb,1,0,1,1.0,0.0
59d049ab-a7e3-4936-9a97-26f8074545f9,1,0,1,1.0,0.0
b6fbbbd5-1169-4f90-bbdf-e7ea8acbeedb,1,0,1,1.0,0.0
fac1ef18-89b1-4802-aa00-66c20421ec31,1,0,1,1.0,0.0
f602169b-61f7-432a-9a3a-b824724370e2,2,0,1,2.0,0.0
257969ee-501c-4c07-82fb-6226182aba3f,1,0,1,1.0,0.0
c19dcc67-de75-4032-98a9-ce3222e54626,1,0,1,1.0,0.0
556284e5-e09a-4f42-ae2b-e137b3c0c411,1,0,1,1.0,0.0
7e36cf38-8ce4-44fb-80b3-e964c868f1df,1,0,1,1.0,0.0
384783c1-2cef-43fe-8e1b-c8410e5db5cb,1,0,1,1.0,0.0
cfdd92c2-fac7-4256-b9c0-5ad44f7b9374,1,0,1,1.0,0.0
ae756877-5704-408c-9e5e-2fe91ae70e27,1,0,1,1.0,0.0
88d94649-093a-4716-a056-4c9d3508d20a,1,0,1,1.0,0.0
69869dbb-d598-4cdc-8118-fd0c4baca784,1,0,1,1.0,0.0
4fb361e1-5c0e-40ff-ba23-dba3a419cc4f,1,0,1,1.0,0.0
7a7b9378-61f4-4142-8af3-b475e3c43389,1,0,1,1.0,0.0
89b2120d-2256-4c99-b5d1-3871a09e454d,1,0,1,1.0,0.0
33d0eff0-d178-42a8-b090-5ce802f31efe,1,0,1,1.0,0.0
a003fd1d-e8e7-4ae7-b159-f775f7a2a19e,29,0,1,29.0,0.0
e9488358-73d3-4612-a413-62ac2b826116,714,0,1,714.0,0.0
0ea468f1-9c1d-4386-9ea8-8ba97522be10,711,0,1,711.0,0.0
338bf29e-d469-40e6-9c54-df94f53c96ce,714,0,1,714.0,0.0
86f88dcb-4555-481a-8e5c-83dfb82a7dc3,711,0,1,711.0,0.0
faaecce5-6bc4-4324-a48b-fe9523ceaa7f,8,0,1,8.0,0.0
e0ac5bb2-9d05-4109-a0b4-720a84307600,6,0,1,6.0,0.0
8fd61e6e-cbf8-4e18-ae73-1327a62b2c44,3,0,1,3.0,0.0
9dffdec9-5336-4faf-bf86-40a3300629bc,1,0,1,1.0,0.0
a199df9a-308c-4312-a254-0a084be92a40,1,0,1,1.0,0.0
51866fce-0739-49ea-a5e3-ea0a9e2b6690,3,0,1,3.0,0.0
02a1a806-1bf9-426c-b3ae-ae1c03ca45cf,1,0,1,1.0,0.0
4b71e04a-405d-4a14-b16e-0c5ac8d09a4c,1,0,1,1.0,0.0
f9c5c81c-f475-4e96-8d1e-21998f97264b,12,0,1,12.0,0.0
aff952df-9536-4a86-ae63-e0f8604c2811,3,0,1,3.0,0.0
525a83fd-0505-4f0a-9e47-d8951979cc6a,3,0,1,3.0,0.0
21e8078a-ee61-4e4e-b5a9-715873ba1149,2,0,1,2.0,0.0
dc0d6651-489f-49c7-9712-1e88dca29c82,2,0,1,2.0,0.0
97c0e12c-0a8f-4752-8c92-3d3871e2bab4,2,0,1,2.0,0.0
7e1f5379-b781-47b4-b8e1-b87bada68def,1,0,1,1.0,0.0
b8e1dc2c-74c7-4b74-ae17-d969ee672b89,1,0,1,1.0,0.0
058f889a-7c3b-49cd-a544-ca2974360d00,1,0,1,1.0,0.0
9f89aabc-8c58-4d36-a456-9cc3caf1ebfc,1,0,1,1.0,0.0
0fabde0b-cbdc-41ba-8c15-0f684a11838d,1,0,1,1.0,0.0
0b314465-7950-4bab-acd0-9c7c7fa71649,4,0,1,4.0,0.0
ab606ce3-2a55-49d5-a8d7-8bb146df23e3,1,0,1,1.0,0.0
69ccbd97-9f3a-4e88-97b3-5a496af65367,1,0,1,1.0,0.0
330c9379-f4f2-44a8-8a99-385d4941788b,1,0,1,1.0,0.0
1ff27da9-22e7-4f95-a7c1-cc5fb051533b,1,0,1,1.0,0.0
a9b4eb2f-a7b6-4bd5-92e9-44dd49eadd38,1,0,1,1.0,0.0
09887ef7-e439-44bb-95bd-faa77918ff40,1,0,1,1.0,0.0
6d351aad-bb29-4511-98ec-a03da2377dfa,1,0,1,1.0,0.0
2d6c65c8-647e-42dc-a968-655a6056580a,1,0,1,1.0,0.0
fc02d15d-eada-44c0-ad51-b15b90755da5,1,0,1,1.0,0.0
ec755bf8-9b2c-49e9-a60f-844a7546899f,1,0,1,1.0,0.0
9406c52e-bf09-4d9a-ba84-0226c9219ea7,17,0,1,17.0,0.0
7f170b8d-2e9e-4333-9fbd-b05b19e38476,22,0,1,22.0,0.0
eac43454-bb7f-430a-bec2-332d01e0ae5c,17,0,1,17.0,0.0
12bad45b-07b0-4252-98a3-53bdfa5853e7,3,0,1,3.0,0.0
43c56300-9ebc-48e8-bf37-ea2e476f7a31,2,0,1,2.0,0.0
52005226-66ca-46ea-8b58-fc8dbc398440,3,0,1,3.0,0.0
2d2ca56d-cbba-4363-a930-f90cfbcaec18,3,0,1,3.0,0.0
969c69e8-a638-4ea0-91c0-d801a0980945,1,0,1,1.0,0.0
597eb8ef-c886-416e-8769-6fa4bbe64766,1,0,1,1.0,0.0
2b1d180c-73bf-4304-89b5-8fbf5a07241b,3,0,1,3.0,0.0
a8cb05fe-121a-4982-af9d-85f4f43cd029,1,0,1,1.0,0.0
611a36c2-138a-42dc-b522-e2fa532552a9,1,0,1,1.0,0.0
87577e2b-0576-4a1e-97e8-2283d35d75ae,3,0,1,3.0,0.0
28738de1-dd10-456a-b3dc-35a71738579e,3,0,1,3.0,0.0
26e6a6d5-3c35-4545-af8f-8645af7c6d6d,1,0,1,1.0,0.0
b668a83a-99ab-497c-bb1a-2a7b781f14d9,2,0,1,2.0,0.0
b3e41c20-1ea0-4833-8966-aa0c910abe92,1,0,1,1.0,0.0
4a6edf61-f631-4a8a-806c-91173847e3fa,1,0,1,1.0,0.0
3e8807f7-e4bd-416c-b7c2-3bb1e4a9510c,1,0,1,1.0,0.0
89023f56-288c-47d8-9706-a8cea9f99568,1,0,1,1.0,0.0
4a0589bb-55e5-4f9d-9f2a-86c8a3268849,2,0,1,2.0,0.0
768027fe-2a83-40a9-8a54-889a753647a5,1,0,1,1.0,0.0
d9f67325-11a0-41ff-a4fa-1ad787f67021,1,0,1,1.0,0.0
653d639f-5f7b-4b58-8e0e-ae3d0c9d59d3,1,0,1,1.0,0.0
3c54234b-a1ee-43fb-8781-eb8b08eb3b17,1,0,1,1.0,0.0
703d998a-96f3-4b2e-96ef-dcecc88f5f0b,2,0,1,2.0,0.0
2f30566d-8844-4464-9797-663309c806f1,1,0,1,1.0,0.0
f1c1300d-ed14-446c-978b-cee2dcd195fb,1,0,1,1.0,0.0
d6f049e3-e3cd-4d05-a834-f0c9144d9793,1,0,1,1.0,0.0
e4e51198-ea9f-4860-814e-7f080127894e,1,0,1,1.0,0.0
fddc16e3-cb61-44ad-9790-1f7131240cfc,1,0,1,1.0,0.0
cc825096-2239-495e-9bdb-ff26996bc47e,1,0,1,1.0,0.0
a6db1bdb-2061-465b-ac76-e3660e94b6a0,1,0,1,1.0,0.0
66e02143-c4ec-4a97-978d-d2eaad6851a0,1,0,1,1.0,0.0
d3a0b02f-5026-408d-86e0-caab1a461c73,24,0,1,24.0,0.0
91a92aa5-2d79-4270-b2c2-ff2a3e931d1d,4,0,1,4.0,0.0
a27c4504-f11f-4c05-8791-59338b70c62b,76,0,1,76.0,0.0
31286ca6-61ef-4341-8cbd-88850ba95145,4,0,1,4.0,0.0
1475a6ab-0659-4103-ab7b-011b54cfadc9,3,0,1,3.0,0.0
a1b803f7-15dd-4a77-8599-09d964e49d20,1,0,1,1.0,0.0
32645eeb-7650-438a-8321-2d75bc5abe4a,3,0,1,3.0,0.0
8bf293d6-feef-431e-b682-2eaa7a486432,2,0,1,2.0,0.0
9294e6e2-dbf9-401c-b238-7d1192a2605a,2,0,1,2.0,0.0
f21bafe1-bb92-450e-876e-0a249764a2e8,2,0,1,2.0,0.0
7daeb4f8-5932-49fb-acbc-7b7268231d78,1,0,1,1.0,0.0
5b730bc2-e8b2-4a2e-a08c-6d25be57e7c3,1,0,1,1.0,0.0
121b24c8-2eed-4ded-89f1-77427e5e0cf0,1,0,1,1.0,0.0
0495e56f-b156-4811-b1a3-197f4e17bd79,1,0,1,1.0,0.0
411185c8-bf9b-440a-9005-e62719f785b9,1,0,1,1.0,0.0
3cc6e6d4-a461-4f87-a1a9-d9d433113c2a,1,0,1,1.0,0.0
425296f5-edca-4b74-a32a-0ac7db55f931,1,0,1,1.0,0.0
f297a238-1eba-4741-ba8d-f175bc267d09,1,0,1,1.0,0.0
30761292-0d29-4c99-a408-244fdd66c9c9,3,0,1,3.0,0.0
fb807b6f-5678-4d19-97f1-afde3bcd00c8,1,0,1,1.0,0.0
b96c1a5a-48ac-4238-a136-9ed605809c76,3,0,1,3.0,0.0
e6964b19-eaf9-4df4-a519-956f5d5717bd,1,0,1,1.0,0.0
261340da-d3aa-4c0d-8e24-5aee39716440,1,0,1,1.0,0.0
6179c020-697d-4615-837c-8f324bd06498,3,0,1,3.0,0.0
ecedff4d-a507-4fac-b079-c6b342db2a96,1,0,1,1.0,0.0
2d9b1f2a-df62-4bbc-91fc-072d59489564,1,0,1,1.0,0.0
a53e3998-9f66-4442-8b9d-d76b83055ed9,1,0,1,1.0,0.0
d17942ed-da6b-4379-86cd-c23908d00093,1,0,1,1.0,0.0
4e0fec0d-ec01-47d2-8e41-4069b4fb2cfa,1,0,1,1.0,0.0
815ce365-333b-45dd-af53-63f3db5e87f2,1,0,1,1.0,0.0
a46bf928-0de2-41e5-aa7d-764fde14cb26,1,0,1,1.0,0.0
119a4ea6-cc8a-415e-b19c-15e75ab3b043,1,0,1,1.0,0.0
0d2fb64e-bd35-49ac-bf40-26685e1a6c9b,43,0,1,43.0,0.0
d1d507bf-e917-488a-be7d-439dce1a4963,7,0,1,7.0,0.0
2ce38b9e-6f9f-4ce5-bdbe-e64b63679419,711,0,1,711.0,0.0
9c710104-8b4d-4645-9c57-1d480c047183,30,0,1,30.0,0.0
d73e1986-504c-4715-9ecf-7a81730a7ea8,23,0,1,23.0,0.0
d1b74c46-50e7-410b-bac7-153fcfa79cb3,3,0,1,3.0,0.0
09d25a4b-b8cc-449e-8bea-72ad20acd8bb,2,0,1,2.0,0.0
d92cb3f4-4eee-465d-8454-c76efc6cc845,3,0,1,3.0,0.0
06d96b3e-c2d2-4431-8c09-f87353dc859e,1,0,1,1.0,0.0
931e2bb5-0e70-4390-b4cd-d42046a5c581,27,0,1,27.0,0.0
3e21822e-d602-4cd9-adbf-eb04fa67a06a,3,0,1,3.0,0.0
fd5de1a9-79da-473d-b808-091ce03296fd,9,0,1,9.0,0.0
8e2fef46-c1cc-4f32-a3f8-db50974270fb,2,0,1,2.0,0.0
65b5b726-15e1-4d18-a08c-f6b8d53be127,1,0,1,1.0,0.0
2ee98bdd-1c1f-4200-99b9-edafd96e6a71,1,0,1,1.0,0.0
b5ea68a9-4a64-4398-92ba-f45eb7a105a7,3,0,1,3.0,0.0
6e9362b0-bc08-4ffa-9518-43c30f357088,1,0,1,1.0,0.0
3e88559e-b540-4ecb-95d0-6e637a5364a0,1,0,1,1.0,0.0
c9899381-103d-435d-8697-c2d2eec70105,4,0,1,4.0,0.0
7427e3c7-10b4-4448-a58d-35f24453b2a2,3,0,1,3.0,0.0
59278e90-dcb0-4419-9889-d34efa69cdc1,1,0,1,1.0,0.0
8d1dd2dd-3983-4561-9951-c1b722d122cb,1,0,1,1.0,0.0
3fcc0081-74f2-4b35-bb1b-2e674f7a4d70,1,0,1,1.0,0.0
d36b9fdc-4f23-4e7d-9270-b9850e8004f7,1,0,1,1.0,0.0
cf3bf92a-5774-4cc5-992e-a72b45535872,3,0,1,3.0,0.0
6ee34843-9409-44b5-be20-6d59cb308038,1,0,1,1.0,0.0
b528cb80-5bb5-4e35-81a1-e04722c953d2,1,0,1,1.0,0.0
e525e3fe-19e8-4773-89c2-1412c999d960,1,0,1,1.0,0.0
e5095b2d-7972-4b10-ac3d-8db68ff7ed60,1,0,1,1.0,0.0
3ea4f091-2817-40cc-8dc7-43ac7fa82b5f,1,0,1,1.0,0.0
61f25b8c-194d-46e1-8784-fa574bf3abd4,3,0,1,3.0,0.0
fe1daab8-142b-4811-9443-3de32c0044ed,2,0,1,2.0,0.0
2b506c13-29a6-421f-bae9-5c9474da56aa,1,0,1,1.0,0.0
6f6d1fce-2bb5-424f-9454-04cb9697ec85,1,0,1,1.0,0.0
a7e115e2-db4d-4877-b320-1a64ce99c847,1,0,1,1.0,0.0
09e63c48-f266-4cfd-8147-5b435b975c61,701,0,1,701.0,0.0
